memory_save	memory.remember
memory_recall	memory.recall
reminder_set	memory.remind
memory_forget	memory.forget
camera	app.show_camera
app_open	app.open
app_guard_mode	app.set_guard_mode
calendar_create	calendar.create_event
calendar_list	calendar.list_events
calendar_cancel	calendar.cancel_event
task_create	task.create
task_list	task.list
task_complete	task.complete
project_create	project.create
project_list	project.list
modules_list	modules.list
modules_explain	modules.explain
modules_enable	modules.enable
modules_disable	modules.disable
modules_purge	modules.open_purge_screen
reminder_list	reminder.list
